She graduated from college in 2010, and a year later she moved to New York to start her career.	She graduated from college in 2010	a year later she moved to New York to start her career	related
He read the article and later wrote a response to it.	He read the article	later wrote a response to it	related
He submitted the report, which he had written over the weekend.	He submitted the report	he had written over the weekend	related
The Berlin Wall fell in 1989, and soon after, Germany was reunified.	The Berlin Wall fell in 1989	and soon after, Germany was reunified	related
She finished her shift at the hospital and then went to the gym.	She finished her shift at the hospital	then went to the gym	related
He woke up early and made breakfast before the meeting started.	He woke up early	made breakfast before the meeting started	related
The United States declared independence in 1776, and the Constitution was ratified 11 years later.	The United States declared independence in 1776	the Constitution was ratified 11 years later	related
The French Revolution began in 1789, leading to the execution of Louis XVI in 1793.	The French Revolution began in 1789	the execution of Louis XVI in 1793	not-related
World War I ended in 1918, and shortly after, the League of Nations was established.	World War I ended in 1918	the League of Nations was established	related
After the fall of the Berlin Wall in 1989, Germany was officially reunified in 1990.	the fall of the Berlin Wall in 1989	Germany was officially reunified in 1990	not-related
Nelson Mandela was released from prison in 1990 and was elected president four years later.	Nelson Mandela was released from prison in 1990	elected president four years later	related
In 2001, the attacks on the World Trade Center occurred, leading to the U.S. invasion of Afghanistan.	In 2001 the attacks on the World Trade Center occurred	leading to the U.S. invasion of Afghanistan	related
The Civil Rights Act was passed in 1964, and the Voting Rights Act followed in 1965.	The Civil Rights Act was passed in 1964	the Voting Rights Act followed in 1965	related
She enrolled in the university in 2005, and three years later she completed her degree.	She enrolled in the university in 2005	three years later she completed her degree	related
The war began in 1939, and Germany invaded France in 1940.	The war began in 1939	Germany invaded France in 1940	not-related
He published his first book, and shortly afterward, he was invited to speak at a conference.	He published his first book	shortly afterward, he was invited to speak at a conference	related
The company was founded in 1998, and the first product launch happened in 2001.	The company was founded in 1998	the first product launch happened in 2001	not-related
She took a deep breath and then started speaking slowly.	She took a deep breath	then started speaking slowly	related
The Constitution was signed in 1787, and the Bill of Rights was ratified in 1791.	The Constitution was signed in 1787	the Bill of Rights was ratified in 1791	not-related
The judge entered the courtroom, and after a few moments, the trial began.	The judge entered the courtroom	after a few moments, the trial began	related
The Renaissance began in the 14th century and spread across Europe in the 15th and 16th centuries.	The Renaissance began in the 14th century	spread across Europe in the 15th and 16th centuries	not-related
He pressed the button, and moments later, the lights turned off.	He pressed the button	moments later, the lights turned off	related
The Declaration of Independence was signed in 1776, and the Articles of Confederation were adopted in 1781.	The Declaration of Independence was signed in 1776	the Articles of Confederation were adopted in 1781	not-related
The Industrial Revolution began in the late 18th century, and electricity was introduced into factories in the 19th century.	The Industrial Revolution began in the late 18th century	electricity was introduced into factories in the 19th century	not-related
The United Nations was established in 1945, and the Universal Declaration of Human Rights was adopted in 1948.	The United Nations was established in 1945	the Universal Declaration of Human Rights was adopted in 1948	not-related
We’re meeting next week, and two days later we have the exam.	We’re meeting next week	two days later we have the exam	related
We'll see each other on Monday, and the final project is due on Friday.	We'll see each other on Monday	the final project is due on Friday	not-related
We're having dinner this Saturday, and in August we’re traveling together.	We're having dinner this Saturday	in August we’re traveling together	not-related
Tom called me in the morning, and in the evening I got an email from the professor.	Tom called me in the morning	in the evening I got an email from the professor	not-related
I'll send you the document now, and we can talk about the details tonight.	I'll send you the document now	we can talk about the details tonight	related
The team will meet tomorrow, and the birthday party is on Saturday.	The team will meet tomorrow	the birthday party is on Saturday	not-related
We’re meeting at the library at noon, and I have a tutoring session at 3pm.	We’re meeting at the library at noon	I have a tutoring session at 3pm	not-related
We’ll review the slides on Wednesday, and the next day we’ll do the rehearsal.	We’ll review the slides on Wednesday	the next day we’ll do the rehearsal	related
He messaged me this morning, and the deadline was already posted last night.	He messaged me this morning	the deadline was already posted last night	not-related
You’ll get the agenda today, and the meeting starts tomorrow at 9am.	You’ll get the agenda today	the meeting starts tomorrow at 9am	not-related
I submitted the form at noon, and a few hours later I got the confirmation email.	I submitted the form at noon	a few hours later I got the confirmation email	related
We’ll finish editing the report tonight, and on Monday we’ll print the final version.	We’ll finish editing the report tonight	on Monday we’ll print the final version	related
We’re having the kickoff call tomorrow, and next week the project officially begins.	We’re having the kickoff call tomorrow	next week the project officially begins	related
We’re meeting next week, and two days later we have the exam.	We’re meeting next week	two days later we have the exam	related
Sarah texted me yesterday afternoon, and I replied this morning.	Sarah texted me yesterday afternoon	I replied this morning	related
Tom messaged me this morning, and the deadline was already posted yesterday.	Tom messaged me this morning	the deadline was already posted yesterday	not-related
She sent the invite last week, and the event is on Saturday.	She sent the invite last week	the event is on Saturday	not-related
We agreed to meet at 2pm, and twenty minutes later he showed up.	We agreed to meet at 2pm	twenty minutes later he showed up	related
We submitted the proposal yesterday, and today the client replied.	We submitted the proposal yesterday	today the client replied	related
He dropped a message in the morning, and I answered by lunchtime.	He dropped a message in the morning	I answered by lunchtime	related
The call ended at 5pm, and ten minutes later we had the final draft.	The call ended at 5pm	ten minutes later we had the final draft	related
We picked a date on Tuesday, and that night she made the booking.	We picked a date on Tuesday	that night she made the booking	related
The invitation was sent this morning, and the webinar is next Wednesday.	The invitation was sent this morning	the webinar is next Wednesday	related
Our training starts next week, and the feedback survey is due in two weeks.	Our training starts next week	the feedback survey is due in two weeks	not-related
They had a meeting yesterday, and the project launch is scheduled for July.	They had a meeting yesterday	the project launch is scheduled for July	not-related
We talked on Monday, and she sent the report on Thursday.	We talked on Monday	she sent the report on Thursday	not-related
I joined the team in May, and the retreat is in August.	I joined the team in May	the retreat is in August	not-related
The reminder was posted this morning, and the deadline is next Friday.	The reminder was posted this morning	the deadline is next Friday	related
He emailed us last night, and the invoice is due in three days.	He emailed us last night	the invoice is due in three days	related
The team met on Thursday, and the budget review is on Monday.	The team met on Thursday	the budget review is on Monday	related
We finished the group call at 4pm, and half an hour later I wrote the summary.	We finished the group call at 4pm	half an hour later I wrote the summary	related
She posted the schedule this morning, and two hours later it was updated again.	She posted the schedule this morning	two hours later it was updated again	related
He sent the final slides at 10am, and shortly after, we uploaded them to the site.	He sent the final slides at 10am	shortly after, we uploaded them to the site	related
We had our catch-up on Tuesday, and by Wednesday everyone had received the notes.	We had our catch-up on Tuesday	by Wednesday everyone had received the notes	related
The coordinator created the group chat yesterday, and this morning I introduced myself.	The coordinator created the group chat yesterday	this morning I introduced myself	not-related
He scheduled the meeting for Monday, and the invitation arrived last night.	He scheduled the meeting for Monday	the invitation arrived last night	not-related
The last planning session was in April, and the project begins in June.	The last planning session was in April	the project begins in June	not-related
We spoke during the event, and the final results were published two days later.	We spoke during the event	the final results were published two days later	not-related
They confirmed attendance this morning, and by afternoon the room was reserved.	They confirmed attendance this morning	by afternoon the room was reserved	related
We picked the venue on Friday, and two days later we signed the contract.	We picked the venue on Friday	two days later we signed the contract	related
They messaged us on Monday, and the reply came in on Thursday.	They messaged us on Monday	the reply came in on Thursday	not-related
The schedule was finalized on Tuesday, and it starts being applied next week.	The schedule was finalized on Tuesday	it starts being applied next week	related
She emailed the documents last night, and the feedback session is on Friday.	She emailed the documents last night	the feedback session is on Friday	not-related
We finished reviewing the plan yesterday, and tomorrow we'll present it to the client.	We finished reviewing the plan yesterday	tomorrow we'll present it to the client	not-related
The Treaty of Paris was signed in 1783, officially ending the American Revolutionary War.	The Treaty of Paris was signed in 1783	officially ending the American Revolutionary War	related
Napoleon crowned himself emperor in 1804, and eleven years later he was defeated at Waterloo.	Napoleon crowned himself emperor in 1804	eleven years later he was defeated at Waterloo	related
The atomic bomb was dropped on Hiroshima in August 1945, and three days later, another was dropped on Nagasaki.	The atomic bomb was dropped on Hiroshima in August 1945	three days later, another was dropped on Nagasaki	related
The Soviet Union launched Sputnik in 1957, and the U.S. responded by creating NASA in 1958.	The Soviet Union launched Sputnik in 1957	the U.S. responded by creating NASA in 1958	not-related
The Berlin Wall was erected in 1961, and it was torn down in 1989.	The Berlin Wall was erected in 1961	it was torn down in 1989	not-related
World War I began in 1914, and the Treaty of Versailles was signed in 1919.	World War I began in 1914	the Treaty of Versailles was signed in 1919	not-related
The Roman Republic fell in 27 BC, and Augustus became the first emperor.	The Roman Republic fell in 27 BC	Augustus became the first emperor	related
The printing press was invented around 1440, and the Protestant Reformation began in 1517.	The printing press was invented around 1440	the Protestant Reformation began in 1517	not-related
The Great Fire of London occurred in 1666, and within days the city began to rebuild.	The Great Fire of London occurred in 1666	within days the city began to rebuild	related
The U.S. entered World War II in 1941, and D-Day took place in 1944.	The U.S. entered World War II in 1941	D-Day took place in 1944	not-related
Julius Caesar was assassinated in 44 BC, and shortly after, civil war erupted.	Julius Caesar was assassinated in 44 BC	shortly after, civil war erupted	related
In 1986, the Chernobyl disaster occurred, and days later nearby towns were evacuated.	the Chernobyl disaster occurred	days later nearby towns were evacuated	related
The Renaissance began in Italy in the 14th century, and the Enlightenment emerged in the 17th century.	The Renaissance began in Italy in the 14th century	the Enlightenment emerged in the 17th century	not-related
The Cuban Missile Crisis happened in October 1962, and was resolved after thirteen tense days.	The Cuban Missile Crisis happened in October 1962	was resolved after thirteen tense days	related
"Martin Luther King Jr. delivered his ""I Have a Dream"" speech in 1963, and he was assassinated in 1968."	"Martin Luther King Jr. delivered his ""I Have a Dream"" speech in 1963"	he was assassinated in 1968	not-related
World War II ended in 1945, and the Nuremberg Trials began soon after.	World War II ended in 1945	the Nuremberg Trials began soon after	related
The French Revolution started in 1789, and Napoleon rose to power in 1799.	The French Revolution started in 1789	Napoleon rose to power in 1799	not-related
The U.S. Constitution was ratified in 1788, and the Bill of Rights was added in 1791.	The U.S. Constitution was ratified in 1788	the Bill of Rights was added in 1791	not-related
The Great Depression began in 1929, and recovery programs started under the New Deal in 1933.	The Great Depression began in 1929	recovery programs started under the New Deal in 1933	not-related
Christopher Columbus arrived in the Americas in 1492, and Hernán Cortés landed in Mexico in 1519.	Christopher Columbus arrived in the Americas in 1492	Hernán Cortés landed in Mexico in 1519	not-related
The Indian Independence Act was passed in 1947, and just days later India and Pakistan were created.	The Indian Independence Act was passed in 1947	just days later India and Pakistan were created	related
The United Nations was formed in 1945, and the Universal Declaration of Human Rights was adopted in 1948.	The United Nations was formed in 1945	the Universal Declaration of Human Rights was adopted in 1948	not-related
In 1969, Neil Armstrong walked on the Moon, and three years later, the last Apollo mission returned.	Neil Armstrong walked on the Moon	three years later, the last Apollo mission returned	related
The Treaty of Versailles was signed in 1919, and the League of Nations was formed the same year.	The Treaty of Versailles was signed in 1919	the League of Nations was formed the same year	related
The Vietnam War ended in 1975, and a few months later, Saigon was renamed Ho Chi Minh City.	The Vietnam War ended in 1975	a few months later, Saigon was renamed Ho Chi Minh City	related
The Emancipation Proclamation was issued in 1863, and slavery was abolished nationwide in 1865.	The Emancipation Proclamation was issued in 1863	slavery was abolished nationwide in 1865	not-related
The Thirty Years' War ended in 1648, and the Peace of Westphalia was signed that same year.	The Thirty Years' War ended in 1648	the Peace of Westphalia was signed that same year	related
The Reign of Terror began in 1793, and Robespierre was executed in 1794.	The Reign of Terror began in 1793	Robespierre was executed in 1794	not-related
The United States entered World War I in 1917, and the war ended in 1918.	The United States entered World War I in 1917	the war ended in 1918	not-related
JFK was elected president in 1960, and was assassinated in 1963.	JFK was elected president in 1960	was assassinated in 1963	not-related
The Black Death reached Europe in 1347, and within months, it had spread across the continent.	The Black Death reached Europe in 1347	within months, it had spread across the continent	related
After the 2010 earthquake in Haiti, humanitarian aid began to arrive within 48 hours.	the 2010 earthquake in Haiti	humanitarian aid began to arrive within 48 hours	related
The Space Shuttle Challenger exploded in 1986, and a nationwide investigation began immediately.	The Space Shuttle Challenger exploded in 1986	a nationwide investigation began immediately	related
The Berlin Wall was built in 1961, and Germany was reunified in 1990.	The Berlin Wall was built in 1961	Germany was reunified in 1990	not-related
The Titanic sank in April 1912, and rescue ships arrived hours later.	The Titanic sank in April 1912	rescue ships arrived hours later	related
Abraham Lincoln was elected president in 1860, and the Civil War began in 1861.	Abraham Lincoln was elected president in 1860	the Civil War began in 1861	not-related
The Boston Massacre occurred in 1770, and five years later the American Revolution began.	The Boston Massacre occurred in 1770	five years later the American Revolution began	related
The Wright brothers made their first flight in 1903, and commercial aviation began decades later.	The Wright brothers made their first flight in 1903	commercial aviation began decades later	related
The Chinese Cultural Revolution started in 1966, and ended officially in 1976.	The Chinese Cultural Revolution started in 1966	ended officially in 1976	not-related
The Normandy landings occurred on June 6, 1944, and Paris was liberated two months later.	The Normandy landings occurred on June 6, 1944	Paris was liberated two months later	related
The U.S. dropped atomic bombs on Japan in August 1945, and Japan surrendered days later.	The U.S. dropped atomic bombs on Japan in August 1945	Japan surrendered days later	related
The Great Fire of Chicago happened in 1871, and reconstruction began almost immediately.	The Great Fire of Chicago happened in 1871	reconstruction began almost immediately	related
Nelson Mandela was imprisoned in 1962, and released in 1990.	Nelson Mandela was imprisoned in 1962	released in 1990	not-related
The first iPhone was launched in 2007, and the App Store opened in 2008.	The first iPhone was launched in 2007	the App Store opened in 2008	not-related
The U.S. invaded Iraq in 2003, and Baghdad fell within weeks.	The U.S. invaded Iraq in 2003	Baghdad fell within weeks	related
Gutenberg invented the printing press in the 1440s, and Luther published his theses in 1517.	Gutenberg invented the printing press in the 1440s	Luther published his theses in 1517	not-related
The Soviet Union collapsed in 1991, and many republics declared independence that same year.	The Soviet Union collapsed in 1991	many republics declared independence that same year	related
Charles Darwin published *On the Origin of Species* in 1859, and Mendel’s work on genetics was published in 1866.	Charles Darwin published *On the Origin of Species* in 1859	Mendel’s work on genetics was published in 1866	not-related
The U.S. entered World War II in 1941, and shortly afterward the draft was expanded.	The U.S. entered World War II in 1941	shortly afterward the draft was expanded	related
The Panama Canal was completed in 1914, and the U.S. handed it over to Panama in 1999.	The Panama Canal was completed in 1914	the U.S. handed it over to Panama in 1999	not-related
Gandhi began his Salt March in 1930, and thousands joined him over the next few weeks.	Gandhi began his Salt March in 1930	thousands joined him over the next few weeks	related
The D-Day landings occurred on June 6, 1944, and Paris was liberated two and a half months later.	The D-Day landings occurred on June 6, 1944	Paris was liberated two and a half months later	related
President Kennedy was assassinated on November 22, 1963, and Lyndon B. Johnson was sworn in later that day.	President Kennedy was assassinated on November 22, 1963	Lyndon B. Johnson was sworn in later that day	related
"Martin Luther King Jr. gave his ""I Have a Dream"" speech in August 1963, and he received the Nobel Peace Prize in December 1964."	"Martin Luther King Jr. gave his ""I Have a Dream"" speech in August 1963"	he received the Nobel Peace Prize in December 1964	not-related
The 9/11 attacks happened in the morning of September 11, 2001, and airspace across the U.S. was shut down within hours.	the 9/11 attacks happened in the morning of September 11, 2001	airspace across the U.S. was shut down within hours	related
After the Apollo 11 crew landed on the Moon on July 20, 1969, they returned to Earth four days later.	the Apollo 11 crew landed on the Moon on July 20, 1969	they returned to Earth four days later	related
The Brexit referendum took place on June 23, 2016, and the UK officially left the EU on January 31, 2020.	The Brexit referendum took place on June 23, 2016	the UK officially left the EU on January 31, 2020	not-related
The Watergate break-in occurred on June 17, 1972, and the first televised hearings began in May 1973.	The Watergate break-in occurred on June 17, 1972	the first televised hearings began in May 1973	not-related
The Chernobyl explosion happened in the early hours of April 26, 1986, and Pripyat was evacuated the following afternoon.	The Chernobyl explosion happened in the early hours of April 26, 1986	Pripyat was evacuated the following afternoon	related
After the Wright brothers’ first flight on December 17, 1903, they made three more flights that same day.	the Wright brothers’ first flight on December 17, 1903	they made three more flights that same day	related
Rosa Parks was arrested on December 1, 1955, and the Montgomery Bus Boycott began four days later.	Rosa Parks was arrested on December 1, 1955	the Montgomery Bus Boycott began four days later	related
The moon landing took place on a Sunday, and the astronauts gave a press conference three days after their return.	The moon landing took place on a Sunday	the astronauts gave a press conference three days after their return	related
On the morning of July 14, 1789, Parisians stormed the Bastille, and by evening the governor had surrendered.	Parisians stormed the Bastille	by evening the governor had surrendered	related
Gandhi began his Salt March on March 12, 1930, and reached the sea 24 days later.	Gandhi began his Salt March on March 12, 1930	reached the sea 24 days later	related
The Enabling Act was passed on March 23, 1933, and within a month, Hitler banned all opposition parties.	The Enabling Act was passed on March 23, 1933	within a month, Hitler banned all opposition parties	related
The Titanic hit the iceberg late at night on April 14, 1912, and sank early the next morning.	The Titanic hit the iceberg late at night on April 14, 1912	sank early the next morning	related
The Berlin Wall opened on November 9, 1989, and thousands crossed into West Berlin that very night.	The Berlin Wall opened on November 9, 1989	thousands crossed into West Berlin that very night	related
Charles de Gaulle fled France in June 1940, and returned to Paris four years later, in August 1944.	Charles de Gaulle fled France in June 1940	returned to Paris four years later, in August 1944	not-related
After the U.S. dropped the bomb on Hiroshima on August 6, 1945, Nagasaki was bombed three days later.	the U.S. dropped the bomb on Hiroshima on August 6, 1945	Nagasaki was bombed three days later	related
The Boston Tea Party occurred on December 16, 1773, and Parliament passed the Coercive Acts in March 1774.	The Boston Tea Party occurred on December 16, 1773	Parliament passed the Coercive Acts in March 1774	not-related
The Gulf War began on January 17, 1991, and the ground invasion started just over a month later, on February 24.	The Gulf War began on January 17, 1991	the ground invasion started just over a month later, on February 24	related
The D-Day landings occurred on June 6, 1944, while British forces were also advancing in Italy, and Paris was liberated two and a half months later.	The D-Day landings occurred on June 6, 1944	Paris was liberated two and a half months later	related
President Kennedy was assassinated on November 22, 1963, the same week a Soviet satellite reentered Earth’s atmosphere, and Lyndon B. Johnson was sworn in later that day.	President Kennedy was assassinated on November 22, 1963	Lyndon B. Johnson was sworn in later that day	related
The 9/11 attacks happened in the morning of September 11, 2001, and while international markets reacted sharply, airspace across the U.S. was shut down within hours.	the 9/11 attacks happened in the morning of September 11, 2001	airspace across the U.S. was shut down within hours	related
After the Apollo 11 crew landed on the Moon on July 20, 1969, media outlets around the world broadcast the event, and they returned to Earth four days later.	the Apollo 11 crew landed on the Moon on July 20, 1969	they returned to Earth four days later	related
The Brexit referendum took place on June 23, 2016, a week before Wimbledon began, and the UK officially left the EU on January 31, 2020.	The Brexit referendum took place on June 23, 2016	the UK officially left the EU on January 31, 2020	not-related
Rosa Parks was arrested on December 1, 1955, during a busy holiday season, and the Montgomery Bus Boycott began four days later.	Rosa Parks was arrested on December 1, 1955	the Montgomery Bus Boycott began four days later	related
On the morning of July 14, 1789, Parisians stormed the Bastille, as tensions rose across France and merchants closed their shops, and by evening the governor had surrendered.	Parisians stormed the Bastille	by evening the governor had surrendered	related
After the Wright brothers’ first flight on December 17, 1903, a local newspaper reported a snowstorm, and they made three more flights that same day.	the Wright brothers’ first flight on December 17, 1903	they made three more flights that same day	related
The Titanic hit the iceberg late at night on April 14, 1912, while passengers were dancing in the ballroom, and sank early the next morning.	The Titanic hit the iceberg late at night on April 14, 1912	sank early the next morning	related
The Berlin Wall opened on November 9, 1989, while many East Germans were celebrating a soccer win, and thousands crossed into West Berlin that very night.	The Berlin Wall opened on November 9, 1989	thousands crossed into West Berlin that very night	related
The D-Day landings occurred on June 6, 1944, as Allied forces began liberating Europe. Meanwhile, in the Pacific, battles raged in the Philippines, and Churchill delivered a major speech to Parliament. Paris was liberated two and a half months later.	The D-Day landings occurred on June 6, 1944	Paris was liberated two and a half months later	related
President Kennedy was assassinated on November 22, 1963. Earlier that week, China launched a new missile test, and the Beatles topped UK charts for the fifth time. Lyndon B. Johnson was sworn in later that day.	President Kennedy was assassinated on November 22, 1963	Lyndon B. Johnson was sworn in later that day	related
After the Apollo 11 crew landed on the Moon on July 20, 1969, massive celebrations erupted across the U.S. That same week, the Chappaquiddick incident shook the Kennedy family, and protests in Northern Ireland escalated. They returned to Earth four days later.	the Apollo 11 crew landed on the Moon on July 20, 1969	they returned to Earth four days later	related
Rosa Parks was arrested on December 1, 1955. At the same time, tensions in the Cold War led to an increase in U.S. military presence in Europe, and construction began on a new interstate highway. The Montgomery Bus Boycott began four days later.	Rosa Parks was arrested on December 1, 1955	The Montgomery Bus Boycott began four days later	related
On July 14, 1789, Parisians stormed the Bastille. Elsewhere in Europe, Catherine the Great was expanding Russian influence, and Londoners were debating colonial reform. By evening, the governor had surrendered.	Parisians stormed the Bastille	by evening the governor had surrendered	related
The Titanic hit the iceberg late at night on April 14, 1912. Meanwhile, the Balkan Wars were brewing on the European mainland, and the Chinese Republic had just been declared months earlier. It sank early the next morning.	The Titanic hit the iceberg late at night on April 14, 1912	sank early the next morning	related
The Berlin Wall opened on November 9, 1989. That same week, East German television aired its final state-run broadcast, and the Velvet Revolution began in Czechoslovakia. Thousands crossed into West Berlin that very night.	The Berlin Wall opened on November 9, 1989	Thousands crossed into West Berlin that very night	related
The 9/11 attacks happened in the morning of September 11, 2001. Earlier that month, the UN held a summit on global poverty, and Brazil was experiencing a major currency fluctuation. Airspace across the U.S. was shut down within hours.	The 9/11 attacks happened in the morning of September 11, 2001	Airspace across the U.S. was shut down within hours	related
Gandhi began his Salt March on March 12, 1930. During the same period, the Soviet Union was enforcing collectivization, and Germany faced rising unemployment. He reached the sea 24 days later.	Gandhi began his Salt March on March 12, 1930	He reached the sea 24 days later	related
D-Day occurred on June 6, 1944, launching a major Allied invasion. Two months later, Paris was liberated. Meanwhile, Soviet forces were advancing in the East, and Italy was preparing for an offensive.	D-Day occurred on June 6, 1944	Two months later, Paris was liberated	related
President Kennedy was assassinated on November 22, 1963. Later that same day, Lyndon B. Johnson was sworn in as president aboard Air Force One. Earlier that week, NASA held a press briefing about lunar missions.	President Kennedy was assassinated on November 22, 1963	Lyndon B. Johnson was sworn in as president aboard Air Force One	related
On December 1, 1955, Rosa Parks was arrested in Montgomery. The Montgomery Bus Boycott began four days later, during a period of growing national attention. At the same time, Cold War tensions increased in Berlin.	Rosa Parks was arrested in Montgomery	The Montgomery Bus Boycott began four days later	related
The Titanic hit an iceberg on April 14, 1912. While some passengers were unaware of the damage, others prepared to evacuate. The ship sank early the next morning. In the same year, China became a republic.	The Titanic hit an iceberg on April 14, 1912	The ship sank early the next morning	related
Apollo 11 landed on the Moon on July 20, 1969. After collecting samples, the crew returned to Earth four days later. Meanwhile, protests against the Vietnam War continued across college campuses.	Apollo 11 landed on the Moon on July 20, 1969	the crew returned to Earth four days later	related
The Berlin Wall opened on November 9, 1989. Thousands of people crossed into West Berlin that very night, even as East German state media hesitated to report the news. Days later, Czechoslovakia began its Velvet Revolution.	The Berlin Wall opened on November 9, 1989	Thousands of people crossed into West Berlin that very night	related
Gandhi began his Salt March on March 12, 1930. For weeks he walked toward the sea. Around the same time, political unrest spread in Bengal. He reached the sea on April 5, greeted by hundreds.	Gandhi began his Salt March on March 12, 1930	He reached the sea on April 5	related
The Chernobyl explosion occurred on April 26, 1986. Within 36 hours, the nearby city of Pripyat was evacuated. Meanwhile, the Soviet press remained silent, and rumors spread across Europe.	The Chernobyl explosion occurred on April 26, 1986	Within 36 hours, the nearby city of Pripyat was evacuated.	related
On July 14, 1789, Parisians stormed the Bastille. That evening, the fortress surrendered. Elsewhere in France, nobles were fleeing their estates, and bread shortages worsened.	Parisians stormed the Bastille	That evening, the fortress surrendered	related
On September 11, 2001, the World Trade Center was attacked. Airspace over the U.S. was shut down just hours later, as the Pentagon was also struck. Stocks remained closed for several days.	the World Trade Center was attacked	Airspace over the U.S. was shut down just hours later	related
On August 6, 1945, the U.S. dropped an atomic bomb on Hiroshima. Three days later, Nagasaki was bombed, and Japan surrendered shortly after. Meanwhile, Allied forces were advancing in the Pacific.	On August 6, 1945, the U.S. dropped an atomic bomb on Hiroshima	Three days later, Nagasaki was bombed	related
After the stock market crash on October 29, 1929, unemployment surged. The New Deal began years later, but initially, soup kitchens were overwhelmed and panic spread. Banks failed daily.	the stock market crash on October 29, 1929	The New Deal began years later, but initially, soup kitchens were overwhelmed and panic spread.related	related
The Moon landing happened on July 20, 1969. Armstrong's first step was televised live. In the following days, while the astronauts returned home, global media covered both Woodstock and Apollo. Parades were held on their return.	The Moon landing happened on July 20, 1969	In the following days, while the astronauts returned home, global media covered both Woodstock and Apollo.	related
The Magna Carta was signed in June 1215. Although it was annulled shortly after by the Pope, it marked a symbolic beginning. Weeks later, civil war erupted in England, and barons rallied.	The Magna Carta was signed in June 1215	Weeks later, civil war erupted in England	related
Martin Luther nailed his 95 Theses to a church door in Wittenberg on October 31, 1517. Within weeks, his writings spread across Europe thanks to the printing press. Meanwhile, local clergy scrambled to respond.	Martin Luther nailed his 95 Theses to a church door in Wittenberg on October 31, 1517	Within weeks, his writings spread across Europe	related
The Great Fire of London began on the night of September 2, 1666. By the next morning, hundreds of buildings had been destroyed. As the fire spread, Samuel Pepys recorded the event in his diary.	The Great Fire of London began on the night of September 2, 1666	By the next morning, hundreds of buildings had been destroyed	related
Charles de Gaulle gave his famous BBC speech in June 1940, calling for French resistance. The day before, German forces had taken Paris. Days later, Britain recognized de Gaulle as the Free French leader.	Charles de Gaulle gave his famous BBC speech in June 1940	The day before, Britain recognized de Gaulle as the Free French leader	related
On July 4, 1776, the U.S. declared independence. Earlier that summer, skirmishes had intensified near New York. By mid-August, British forces began a large-scale counterattack.	On July 4, 1776, the U.S. declared independence	By mid-August, British forces began a large-scale counterattack	related
The Reign of Terror began in September 1793. Robespierre gained control, and a few weeks later, mass executions began. In the same period, France declared war on additional European monarchies.	The Reign of Terror began in September 1793	In the same period, mass executions began	related
The Treaty of Versailles was signed in June 1919, and the League of Nations held its first meeting in 1920. Around the same time, Prohibition began in the United States.	The Treaty of Versailles was signed in June 1919	the League of Nations held its first meeting in 1920	not-related
While we discussed the budget in the meeting, by the way, my car’s inspection is due tomorrow.	we discussed the budget in the meeting	my car’s inspection is due tomorrow	not-related
By the way, I started painting the fence last week, and sales at the store peaked on Black Friday.	I started painting the fence last week	sales at the store peaked on Black Friday	not-related
The chef prepared the ingredients early this morning, yet my neighbor hosted a surprise party.	The chef prepared the ingredients early this morning	my neighbor hosted a surprise party	not-related
Before we entered the auditorium, the CEO gave a short address	 in contrast, my brother climbed a mountain last weekend.	the CEO gave a short address	not-related
I finished the quarterly report this afternoon, and by the way my passport renewal arrives next week.	I finished the quarterly report this afternoon	my passport renewal arrives next week	not-related
She drafted the email before lunch, and incidentally her son’s piano recital is on Friday.	She drafted the email before lunch	her son’s piano recital is on Friday	not-related
We wrapped up the design review at noon, and later I remembered I have a dentist appointment tomorrow.	We wrapped up the design review at noon	I have a dentist appointment tomorrow	not-related
He logged the support tickets yesterday, and at the same time we’re planning our summer vacation.	He logged the support tickets yesterday	we’re planning our summer vacation	not-related
After I calibrated the instruments, my high school reunion is coming up in October.	I calibrated the instruments	my high school reunion is coming up in October	not-related
I finished coding the module at midnight, and tangentially, the museum’s new exhibit opened yesterday.	I finished coding the module at midnight	the museum’s new exhibit opened yesterday	not-related
I filed the tax return yesterday, and the weather forecast predicts snow tomorrow.	I filed the tax return yesterday	the weather forecast predicts snow tomorrow	not-related
Joan of Arc was burned in Rouen in 1431, and centuries later, the printing press was invented around 1440.	Joan of Arc was burned in Rouen in 1431	the printing press was invented around 1440	not-related
The Magna Carta was sealed in 1215, and centuries later, the Black Death ravaged Europe in the mid-14th century.	The Magna Carta was sealed in 1215	the Black Death ravaged Europe in the mid-14th century	not-related
Queen Victoria ascended the throne in 1837, and Alexander Graham Bell received a patent for the telephone in 1876.	Queen Victoria ascended the throne in 1837	Alexander Graham Bell received a patent for the telephone in 1876	not-related
Christopher Columbus landed in the Caribbean in 1492, and Martin Luther published his 95 Theses in 1517.	Christopher Columbus landed in the Caribbean in 1492	Martin Luther published his 95 Theses in 1517	not-related
The Battle of Hastings occurred in 1066, and Leonardo da Vinci completed the Mona Lisa in 1506.	The Battle of Hastings occurred in 1066	Leonardo da Vinci completed the Mona Lisa in 1506	not-related
The Magna Carta was sealed in 1215, and Vasco da Gama rounded the Cape of Good Hope in 1497.	The Magna Carta was sealed in 1215	Vasco da Gama rounded the Cape of Good Hope in 1497	not-related
The French Revolution began in 1789, and the United States Constitution was ratified in 1788.	The French Revolution began in 1789	The United States Constitution was ratified in 1788	not-related
The Wright brothers flew at Kitty Hawk in 1903, and the Treaty of Versailles was signed in 1919.	The Wright brothers flew at Kitty Hawk in 1903	The Treaty of Versailles was signed in 1919	not-related
Johannes Gutenberg printed the Bible in 1455, and Michelangelo painted the Sistine Chapel ceiling in 1512.	Johannes Gutenberg printed the Bible in 1455	Michelangelo painted the Sistine Chapel ceiling in 1512	not-related
Nelson Mandela was released from prison in 1990, and the Berlin Wall fell in 1989.	Nelson Mandela was released from prison in 1990	The Berlin Wall fell in 1989	not-related
The Ottoman Empire officially ended in 1922, and the first modern Olympic Games were held in Athens in 1896.	The Ottoman Empire officially ended in 1922	The first modern Olympic Games were held in Athens in 1896	not-related
The Taj Mahal was completed in 1653, and the English Bill of Rights was enacted in 1689.	The Taj Mahal was completed in 1653	The English Bill of Rights was enacted in 1689	not-related
The Russian Revolution took place in 1917, and the Spanish Civil War began in 1936.	The Russian Revolution took place in 1917	The Spanish Civil War began in 1936	not-related
The Spanish Armada was defeated in 1588, and Shakespeare’s First Folio was published in 1623.	The Spanish Armada was defeated in 1588	Shakespeare’s First Folio was published in 1623	not-related
The American Civil War ended in 1865, and the Indian Rebellion against British rule occurred in 1857.	The American Civil War ended in 1865	The Indian Rebellion against British rule occurred in 1857	not-related
The Eiffel Tower was inaugurated in 1889, and penicillin was discovered by Alexander Fleming in 1928.	The Eiffel Tower was inaugurated in 1889	Penicillin was discovered by Alexander Fleming in 1928	not-related
The Declaration of Independence was signed in 1776, and the Battle of Waterloo was fought in 1815.	The Declaration of Independence was signed in 1776	The Battle of Waterloo was fought in 1815	not-related
This morning, the Prime Minister announced new economic measures, and tomorrow the city museum will reopen after renovations.	the Prime Minister announced new economic measures	the city museum will reopen after renovations	not-related
Yesterday, researchers discovered a new exoplanet, and today the local orchestra performed Beethoven’s Fifth.	researchers discovered a new exoplanet	the local orchestra performed Beethoven’s Fifth	not-related
At dawn on June 6, 1944, Allied forces began landing on Normandy beaches, and at 10:35 AM on December 17, 1903, the Wright brothers completed their first powered flight.	Allied forces began landing on Normandy beaches	the Wright brothers completed their first powered flight	not-related
At 11 AM on June 18, 1815, the Battle of Waterloo commenced, and at 2:20 AM on April 15, 1912, the RMS Titanic sank after hitting an iceberg.	the Battle of Waterloo commenced	the RMS Titanic sank after hitting an iceberg	not-related
On July 4, 1776 at Independence Hall in Philadelphia, delegates adopted the United States Declaration of Independence, and on September 2, 1666, the Great Fire of London began sweeping through the city.	delegates adopted the United States Declaration of Independence	the Great Fire of London began sweeping through the city	not-related
At 11 AM on November 11, 1918, the Armistice ending World War I formally took effect, and at 7:55 AM on December 7, 1941, Japanese aircraft attacked Pearl Harbor.	the Armistice ending World War I formally took effect	Japanese aircraft attacked Pearl Harbor	not-related
On June 28, 1919, the Treaty of Versailles was signed in the Hall of Mirrors at Versailles, and at 12:33 AM on April 24, 1990, the Space Shuttle Discovery deployed the Hubble Space Telescope.	the Treaty of Versailles was signed in the Hall of Mirrors at Versailles	the Space Shuttle Discovery deployed the Hubble Space Telescope	not-related
On March 31, 1889 at noon, the Eiffel Tower officially opened to the public, and on February 23, 1455 around midnight, the Gutenberg Bible printing was completed.	the Eiffel Tower officially opened to the public	the Gutenberg Bible printing was completed	not-related
In the early hours of May 29, 1453, Ottoman troops captured Constantinople, and on July 5, 1687, Isaac Newton published *Principia Mathematica* in London.	Ottoman troops captured Constantinople	Isaac Newton published *Principia Mathematica* in London	not-related
On October 4, 1957 at 10:45 PM, the Soviet Union launched Sputnik 1 into orbit, and on June 15, 1215, King John affixed his seal to the Magna Carta.	the Soviet Union launched Sputnik 1 into orbit	King John affixed his seal to the Magna Carta	not-related
On February 17, 1600, Giordano Bruno was executed in Rome, and on April 12, 1912 at 1:30 PM, the RMS Titanic departed Queenstown on its maiden voyage.	Giordano Bruno was executed in Rome	the RMS Titanic departed Queenstown on its maiden voyage	not-related
At 10 AM on December 10, 1948, the UN General Assembly adopted the Universal Declaration of Human Rights, and on April 21, 753 BC, Rome was traditionally founded by Romulus and Remus.	the UN General Assembly adopted the Universal Declaration of Human Rights	Rome was traditionally founded by Romulus and Remus	not-related
On October 31, 1517, Martin Luther published his Ninety-Five Theses on the church door at Wittenberg, and on July 20, 1969 at 10:56 PM EDT, Neil Armstrong became the first human to walk on the Moon.	Martin Luther published his Ninety-Five Theses on the church door at Wittenberg	Neil Armstrong became the first human to walk on the Moon	not-related
On November 9, 1989 at 6:53 PM, the Berlin Wall’s border crossings were opened, and on May 5, 1961, Alan Shepard became the first American in space.	the Berlin Wall’s border crossings were opened	Alan Shepard became the first American in space	not-related
On January 1, 1801, the Act of Union came into effect, merging Great Britain and Ireland, and on December 30, 1922, the Union of Soviet Socialist Republics was officially proclaimed.	the Act of Union came into effect, merging Great Britain and Ireland	the Union of Soviet Socialist Republics was officially proclaimed	not-related
On January 11, 1935, Amelia Earhart became the first person to fly solo from Honolulu to Oakland, and on October 25, 1415, the Battle of Agincourt was fought.	Amelia Earhart became the first person to fly solo from Honolulu to Oakland	the Battle of Agincourt was fought	not-related
On May 6, 1527, Rome was sacked by mutinous troops of Charles V, and on December 16, 1773, American colonists dumped tea into Boston Harbor during the Boston Tea Party.	Rome was sacked by mutinous troops of Charles V	American colonists dumped tea into Boston Harbor during the Boston Tea Party	not-related
On March 2, 1807, the British Parliament abolished the slave trade, and on April 26, 1986, the Chernobyl disaster occurred near Pripyat.	the British Parliament abolished the slave trade	the Chernobyl disaster occurred near Pripyat	not-related
On May 1, 1886, American workers held strikes demanding an eight-hour day, and on July 10, 1962 at 6:12 AM, the Telstar communications satellite launched into orbit.	American workers held strikes demanding an eight-hour day	the Telstar communications satellite launched into orbit	not-related
On December 1, 1955 at 10:00 AM, Rosa Parks was arrested in Montgomery, and on May 2, 2011 at 1:00 AM, Osama bin Laden was killed in Abbottabad.	Rosa Parks was arrested in Montgomery	Osama bin Laden was killed in Abbottabad	not-related
On November 5, 1605, the Gunpowder Plot was foiled in London, and on September 1, 1939, Germany invaded Poland, starting World War II.	the Gunpowder Plot was foiled in London	Germany invaded Poland	not-related
On September 7, 1533, Atahualpa was crowned Sapa Inca in Cajamarca, and on October 12, 1492 at dawn, Christopher Columbus first sighted land in the Americas.	Atahualpa was crowned Sapa Inca in Cajamarca	Christopher Columbus first sighted land in the Americas	not-related
On March 10, 1876 at 7:30 PM, Alexander Graham Bell made the first clear telephone call, and Archduke Franz Ferdinand visited Sarajevo on June 28, 1914.	Alexander Graham Bell made the first clear telephone call	Archduke Franz Ferdinand visited Sarajevo on June 28, 1914	not-related
At 9:00 AM on January 24, 1848, James W. Marshall discovered gold at Sutter’s Mill, and Walt Disney World opened on October 1, 1971.	James W. Marshall discovered gold at Sutter’s Mill	Walt Disney World opened on October 1, 1971	not-related
On April 12, 1961 at 9:07 AM GMT, Yuri Gagarin became the first human in space, and Amelia Earhart disappeared over the Pacific Ocean on July 2, 1937.	Yuri Gagarin became the first human in space	Amelia Earhart disappeared over the Pacific Ocean on July 2, 1937	not-related
At noon on December 2, 1804, Napoleon Bonaparte was crowned Emperor of the French, and Edmund Hillary and Tenzing Norgay summited Mount Everest on May 29, 1953.	Napoleon Bonaparte was crowned Emperor of the French	Edmund Hillary and Tenzing Norgay summited Mount Everest on May 29, 1953	not-related
On September 14, 1814, Francis Scott Key wrote the lyrics to “The Star-Spangled Banner,” and the New York Stock Exchange opened for the first time on March 8, 1817.	Francis Scott Key wrote the lyrics to “The Star-Spangled Banner”	the New York Stock Exchange opened for the first time on March 8, 1817	not-related
At 2:15 PM on August 6, 1945, the Enola Gay released its bomb over Hiroshima, and Black Thursday triggered the Wall Street Crash on October 24, 1929.	the Enola Gay released its bomb over Hiroshima	Black Thursday triggered the Wall Street Crash on October 24, 1929	not-related
On November 19, 1863, Abraham Lincoln delivered the Gettysburg Address, and Franklin D. Roosevelt was inaugurated as President on March 4, 1933.	Abraham Lincoln delivered the Gettysburg Address	Franklin D. Roosevelt was inaugurated as President on March 4, 1933	not-related
At 5:15 PM on April 10, 1912, the Titanic left Southampton on its maiden voyage, and the first successful powered flight occurred on December 17, 1903.	the Titanic left Southampton on its maiden voyage	the first successful powered flight occurred on December 17, 1903	not-related
On July 26, 1948, President Truman signed Executive Order 9981 desegregating the U.S. armed forces, and the Bay of Pigs invasion began on April 17, 1961.	President Truman signed Executive Order 9981 desegregating the U.S. armed forces	the Bay of Pigs invasion began on April 17, 1961	not-related
At 9:12 AM on October 12, 1492, Rodrigo de Triana first sighted land in the New World, and Martin Luther posted his Ninety-Five Theses on October 31, 1517.	Rodrigo de Triana first sighted land in the New World	Martin Luther posted his Ninety-Five Theses on October 31, 1517	not-related
