She texted me 36 minutes to 5.	{"entities": [[14, 29, "TEMP_EXP"]]}
I’ll text you tomorrow at 18:59.	{"entities": [[14, 31, "TEMP_EXP"]]}
Her perfume smells floral.	{"entities": []}
We visited family on Christmas of the year 2021.	{"entities": [[18, 47, "TEMP_EXP"]]}
The phone has a sleek design.	{"entities": []}
The dessert looks decadent.	{"entities": []}
The actor delivered an emotional monologue.	{"entities": []}
We had our last meeting around 3 weeks ago.	{"entities": [[24, 42, "TEMP_EXP"]]}
Let’s touch base two days from now at noon.	{"entities": [[17, 42, "TEMP_EXP"]]}
The packaging is eco-friendly.	{"entities": []}
He submitted the form this morning at 8:05.	{"entities": [[22, 42, "TEMP_EXP"]]}
His shoes squeaked across the floor.	{"entities": []}
Just before lunch, I saw your email.	{"entities": [[0, 17, "TEMP_EXP"]]}
The holiday break starts in mid-December.	{"entities": [[25, 40, "TEMP_EXP"]]}
I’ll call you back in 5 hours.	{"entities": [[19, 29, "TEMP_EXP"]]}
She left the office just now.	{"entities": [[20, 28, "TEMP_EXP"]]}
They left town early this morning.	{"entities": [[15, 33, "TEMP_EXP"]]}
We’ll publish the blog on the second Tuesday after Valentine’s Day, at 3 PM.	{"entities": [[30, 75, "TEMP_EXP"]]}
She was born on a cold December night.	{"entities": [[23, 37, "TEMP_EXP"]]}
The shoes fit perfectly.	{"entities": []}
The ceremony is scheduled for the 50th day of the year in 5 years.	{"entities": [[34, 65, "TEMP_EXP"]]}
The scientist conducted a careful experiment.	{"entities": []}
That TV show was big in the early 2000s.	{"entities": [[21, 39, "TEMP_EXP"]]}
Last Friday night, we hosted a surprise party.	{"entities": [[0, 17, "TEMP_EXP"]]}
Let’s roll out the patch at midnight following the last Sunday of this month.	{"entities": [[51, 76, "TEMP_EXP"]]}
That restaurant serves delicious pasta.	{"entities": []}
The headphones offer active noise cancellation.	{"entities": []}
We'll start onboarding on the last Monday in March at 7 in the morning.	{"entities": [[30, 70, "TEMP_EXP"]]}
The curtains block out sunlight completely.	{"entities": []}
The library closes in 40 minutes.	{"entities": [[19, 32, "TEMP_EXP"]]}
The lens offers 10x optical zoom.	{"entities": []}
The webinar begins on the third Wednesday after the school holidays, at 2:15 PM.	{"entities": [[26, 79, "TEMP_EXP"]]}
Send your availability before 7 AM on the last Thursday of this quarter.	{"entities": [[23, 71, "TEMP_EXP"]]}
During the first week of October, we’ll release the update.	{"entities": [[0, 32, "TEMP_EXP"]]}
The training session is scheduled for 10 AM next Thursday.	{"entities": [[34, 57, "TEMP_EXP"]]}
We'll catch up two days after the workshop ends.	{"entities": [[15, 47, "TEMP_EXP"]]}
The clock struck 15:57 when the lights went out.	{"entities": [[17, 22, "TEMP_EXP"]]}
Let’s go hiking this Sunday.	{"entities": [[16, 27, "TEMP_EXP"]]}
This cake smells heavenly.	{"entities": []}
Her voice is melodious.	{"entities": []}
This class will continue through this semester.	{"entities": [[33, 46, "TEMP_EXP"]]}
The event ended just a few minutes ago.	{"entities": [[21, 38, "TEMP_EXP"]]}
Submit your review by 5 PM next Wednesday.	{"entities": [[19, 41, "TEMP_EXP"]]}
They got engaged on Christmas Eve.	{"entities": [[17, 33, "TEMP_EXP"]]}
Let’s meet at 8 AM on the Monday three weeks from now.	{"entities": [[26, 53, "TEMP_EXP"]]}
The remote has glow-in-the-dark buttons.	{"entities": []}
We’re heading out the first weekend in October.	{"entities": [[18, 46, "TEMP_EXP"]]}
The mat is machine-washable.	{"entities": []}
The lights flickered at exactly midnight.	{"entities": [[21, 40, "TEMP_EXP"]]}
Next Tuesday afternoon, we’re scheduled for a site visit.	{"entities": [[0, 22, "TEMP_EXP"]]}
We'll reconnect one week after the product goes live.	{"entities": [[16, 52, "TEMP_EXP"]]}
The beach has crystal-clear water.	{"entities": []}
The file is stored in the archives from June 2021.	{"entities": [[35, 49, "TEMP_EXP"]]}
The coffee tastes bitter without sugar.	{"entities": []}
The final draft is due the evening of the first business day after the holiday.	{"entities": [[23, 78, "TEMP_EXP"]]}
Our next trip is planned for August 2025.	{"entities": [[29, 40, "TEMP_EXP"]]}
A few days before my birthday, she gave me the news.	{"entities": [[0, 29, "TEMP_EXP"]]}
We’ll review your application on the first Monday after the upcoming long weekend, at 10:30 AM.	{"entities": [[37, 94, "TEMP_EXP"]]}
The ticket has a unique barcode.	{"entities": []}
Three hours from now, we’ll have a clear answer.	{"entities": [[0, 20, "TEMP_EXP"]]}
The photographer captured a stunning shot.	{"entities": []}
The boots have a rugged sole.	{"entities": []}
The jacket’s zipper is stuck.	{"entities": []}
We’re planning a picnic around the fifth of May.	{"entities": [[24, 47, "TEMP_EXP"]]}
The invoice is due on the 15th.	{"entities": [[19, 30, "TEMP_EXP"]]}
The project wraps up in the first week of September.	{"entities": [[28, 51, "TEMP_EXP"]]}
My shift ends at 10 tonight.	{"entities": [[14, 27, "TEMP_EXP"]]}
It snowed heavily last January.	{"entities": [[18, 30, "TEMP_EXP"]]}
The faucet dispenses water smoothly.	{"entities": []}
I last saw them in early 2020.	{"entities": [[16, 29, "TEMP_EXP"]]}
The smartphone features a high-resolution screen.	{"entities": []}
This jacket offers great insulation.	{"entities": []}
Her earrings dangled as she turned.	{"entities": []}
The jacket is wind-resistant.	{"entities": []}
The glove fits tightly.	{"entities": []}
We'll release the patch on the third Friday of July.	{"entities": [[31, 51, "TEMP_EXP"]]}
We usually travel to the mountains in Winter.	{"entities": [[35, 44, "TEMP_EXP"]]}
The keyboard has backlit keys.	{"entities": []}
We’re targeting a release on the first Saturday after the leap day, at 5 PM.	{"entities": [[33, 75, "TEMP_EXP"]]}
The rent went up last month.	{"entities": [[17, 27, "TEMP_EXP"]]}
She arrived the day before yesterday.	{"entities": [[12, 36, "TEMP_EXP"]]}
The deadline is in exactly one week.	{"entities": [[16, 35, "TEMP_EXP"]]}
The rug has an intricate pattern.	{"entities": []}
By early July, the contract should be finalized.	{"entities": [[0, 13, "TEMP_EXP"]]}
Mid-December, we typically see an uptick in sales.	{"entities": [[0, 12, "TEMP_EXP"]]}
The building stands on a hill.	{"entities": []}
The poster hangs on the living room wall.	{"entities": []}
You’ll get the confirmation late tomorrow afternoon.	{"entities": [[28, 51, "TEMP_EXP"]]}
His advice appears practical.	{"entities": []}
By the start of next quarter, we’ll implement the changes.	{"entities": [[0, 28, "TEMP_EXP"]]}
The meeting falls on the second Monday of the following month.	{"entities": [[25, 61, "TEMP_EXP"]]}
In the middle of next week, I’ll be out of town.	{"entities": [[0, 26, "TEMP_EXP"]]}
The bookshelf is overflowing with novels.	{"entities": []}
The deal ends at 11:59 PM on the third Sunday of the current month.	{"entities": [[14, 66, "TEMP_EXP"]]}
I’ll be on vacation the end of July.	{"entities": [[24, 35, "TEMP_EXP"]]}
The movie was really cool.	{"entities": []}
The laptop case is waterproof.	{"entities": []}
He was baptized at 3 on the last Sunday of this month.	{"entities": [[16, 53, "TEMP_EXP"]]}
Our strategy session will happen on the third Tuesday of the month after next, right before lunch.	{"entities": [[40, 77, "TEMP_EXP"]]}
The campaign ended last Thursday evening.	{"entities": [[19, 40, "TEMP_EXP"]]}
The teacher explains concepts clearly.	{"entities": []}
You should hear from them by Tuesday.	{"entities": [[26, 36, "TEMP_EXP"]]}
Five minutes before midnight, the lights suddenly flickered.	{"entities": [[0, 28, "TEMP_EXP"]]}
We’ll hold the ceremony at dusk.	{"entities": [[24, 31, "TEMP_EXP"]]}
They got married on the 4th of May 2024.	{"entities": [[24, 39, "TEMP_EXP"]]}
The bracelet fits snugly around her wrist.	{"entities": []}
That castle was built 2 centuries ago.	{"entities": [[22, 37, "TEMP_EXP"]]}
We'll send the invites out at 4:30 PM the day before the announcement.	{"entities": [[27, 69, "TEMP_EXP"]]}
The contract renewal is due mid-next month.	{"entities": [[28, 42, "TEMP_EXP"]]}
The chef prepared a gourmet meal.	{"entities": []}
The morning check-in will be at 7:45 AM on the Monday of the last week of July.	{"entities": [[29, 78, "TEMP_EXP"]]}
The software update came last weekend.	{"entities": [[25, 37, "TEMP_EXP"]]}
The speakers produce rich bass.	{"entities": []}
We gather the penultimate Thursday before Thanksgiving.	{"entities": [[14, 54, "TEMP_EXP"]]}
I’ll remind you on the first of next month.	{"entities": [[19, 42, "TEMP_EXP"]]}
We'll follow up on the Tuesday right after the budget release.	{"entities": [[23, 61, "TEMP_EXP"]]}
Early this morning, the server went offline.	{"entities": [[0, 18, "TEMP_EXP"]]}
This upcoming weekend, we’re heading to the coast.	{"entities": [[0, 21, "TEMP_EXP"]]}
The chair feels very comfortable.	{"entities": []}
She’ll check in on the second Monday of next quarter.	{"entities": [[23, 52, "TEMP_EXP"]]}
The landscape is awe-inspiring.	{"entities": []}
You’ll receive a calendar invite the day after the third Wednesday in August, around 4 PM.	{"entities": [[33, 89, "TEMP_EXP"]]}
The deadline passed two hours ago.	{"entities": [[20, 33, "TEMP_EXP"]]}
We're traveling on the 21st of December.	{"entities": [[16, 39, "TEMP_EXP"]]}
Expect an alert after 10 PM on the final Sunday before the holiday break.	{"entities": [[16, 72, "TEMP_EXP"]]}
The dog enjoys fetching the ball.	{"entities": []}
He was here earlier today.	{"entities": [[12, 25, "TEMP_EXP"]]}
She’ll be back on the morning of the first Thursday in August.	{"entities": [[15, 61, "TEMP_EXP"]]}
The pillow has memory foam filling.	{"entities": []}
The window panes are double-glazed.	{"entities": []}
The exhibition runs through July.	{"entities": [[20, 32, "TEMP_EXP"]]}
The cat loves sleeping on the sofa.	{"entities": []}
The team lunch is scheduled for the first Friday after project kickoff, at 12:30 PM.	{"entities": [[36, 83, "TEMP_EXP"]]}
It all happened in the fall of 2012.	{"entities": [[16, 35, "TEMP_EXP"]]}
A moment ago, I got the alert.	{"entities": [[0, 12, "TEMP_EXP"]]}
The telescope offers a clear view of the stars.	{"entities": []}
The project launch is scheduled for next week.	{"entities": [[36, 45, "TEMP_EXP"]]}
The statue stands at the center of the plaza.	{"entities": []}
Back in 2015, we had a completely different strategy.	{"entities": [[5, 12, "TEMP_EXP"]]}
The conference starts at 9:15AM.	{"entities": [[22, 31, "TEMP_EXP"]]}
His handwriting is very neat.	{"entities": []}
He started his job in early March.	{"entities": [[19, 33, "TEMP_EXP"]]}
The bookshelf stands against the wall.	{"entities": []}
On the eve of the final exam, I pulled an all-nighter.	{"entities": [[0, 28, "TEMP_EXP"]]}
Check back on the second Wednesday following your first login, at 5 PM.	{"entities": [[18, 70, "TEMP_EXP"]]}
At the stroke of midnight, the new law took effect.	{"entities": [[0, 25, "TEMP_EXP"]]}
The new semester begins next January.	{"entities": [[24, 36, "TEMP_EXP"]]}
The trial will be extended until the last Tuesday of next month at 6 PM.	{"entities": [[27, 71, "TEMP_EXP"]]}
Their car is extremely fast.	{"entities": []}
Schedule the first team sync on the first Friday following New Year's Day at 2 PM.	{"entities": [[36, 81, "TEMP_EXP"]]}
We’ll have a review in 10 days.	{"entities": [[20, 30, "TEMP_EXP"]]}
The wallpaper has a subtle texture.	{"entities": []}
Her coat has faux-fur lining.	{"entities": []}
The meeting ended 15 minutes ago.	{"entities": [[18, 32, "TEMP_EXP"]]}
I’ll see you on the morning of July 1st.	{"entities": [[13, 39, "TEMP_EXP"]]}
We should have dinner next Friday evening.	{"entities": [[22, 41, "TEMP_EXP"]]}
Let’s reconnect the morning of the last Saturday this month, at 9:30 sharp.	{"entities": [[35, 74, "TEMP_EXP"]]}
The architect designed a modern building.	{"entities": []}
The fabric has a slight sheen.	{"entities": []}
Let’s meet at 7PM for dinner.	{"entities": [[11, 17, "TEMP_EXP"]]}
Let’s revisit this after dinner.	{"entities": [[19, 31, "TEMP_EXP"]]}
The report is due by the last Friday before the end of the quarter at noon.	{"entities": [[25, 74, "TEMP_EXP"]]}
The kettle whistles when it boils.	{"entities": []}
I usually take a walk at sunrise.	{"entities": [[22, 32, "TEMP_EXP"]]}
Our flight departs at dawn on the second Friday after New Year's Eve.	{"entities": [[19, 68, "TEMP_EXP"]]}
They moved out on the 30th of April.	{"entities": [[15, 35, "TEMP_EXP"]]}
We'll circle back mid-afternoon.	{"entities": [[18, 31, "TEMP_EXP"]]}
The results came last Monday.	{"entities": [[17, 28, "TEMP_EXP"]]}
My birthday falls on a Tuesday this year.	{"entities": [[18, 40, "TEMP_EXP"]]}
The meeting has been moved to next Thursday.	{"entities": [[30, 43, "TEMP_EXP"]]}
We’ll start work after the holidays.	{"entities": [[17, 35, "TEMP_EXP"]]}
The suitcase rolls smoothly on tiled floors.	{"entities": []}
This chair swivels smoothly.	{"entities": []}
I’ll be out of office starting this Friday afternoon.	{"entities": [[31, 52, "TEMP_EXP"]]}
The chocolate bar melts in the mouth.	{"entities": []}
I’ll be free after lunch today.	{"entities": [[25, 30, "TEMP_EXP"]]}
Late last summer, we visited the national park.	{"entities": [[0, 16, "TEMP_EXP"]]}
The computer runs smoothly.	{"entities": []}
She called just after 3 PM yesterday.	{"entities": [[11, 36, "TEMP_EXP"]]}
She moved here in Spring 2018.	{"entities": [[15, 29, "TEMP_EXP"]]}
The sidewalk is lined with trees.	{"entities": []}
Things improved after the day before yesterday.	{"entities": [[16, 46, "TEMP_EXP"]]}
The pendant has an engraved message.	{"entities": []}
The conference wraps up on the last Wednesday of this month.	{"entities": [[27, 59, "TEMP_EXP"]]}
Her birthday is on the 14th of February.	{"entities": [[23, 39, "TEMP_EXP"]]}
The scarf has a checkered pattern.	{"entities": []}
That book has a compelling plot.	{"entities": []}
The flowers in the garden are vibrant.	{"entities": []}
The sunglasses block bright light.	{"entities": []}
On the third Wednesday of this month, we’re holding a public hearing.	{"entities": [[0, 36, "TEMP_EXP"]]}
The folder contains all the signed forms.	{"entities": []}
The notebook contains lined pages.	{"entities": []}
The tray is made of polished brass.	{"entities": []}
At dawn, the runners gathered at the starting line.	{"entities": [[0, 7, "TEMP_EXP"]]}
Expect the announcement at 3:15 PM exactly one week from the upcoming Sunday.	{"entities": [[24, 76, "TEMP_EXP"]]}
At exactly 10:10AM, the fire drill began.	{"entities": [[0, 18, "TEMP_EXP"]]}
We’ll send reminders on the first Thursday after tax day at 8 AM.	{"entities": [[28, 64, "TEMP_EXP"]]}
His idea seems brilliant.	{"entities": []}
Our contract ends by the end of the fiscal year.	{"entities": [[18, 47, "TEMP_EXP"]]}
The system rebooted at midnight.	{"entities": [[20, 31, "TEMP_EXP"]]}
The shop closes in 10 minutes.	{"entities": [[16, 29, "TEMP_EXP"]]}
The pilot flies the airplane.	{"entities": []}
It happened two years ago on the 5th of July at 4:33.	{"entities": [[12, 52, "TEMP_EXP"]]}
His laptop battery drains quickly.	{"entities": []}
The gardener watered the plants.	{"entities": []}
The pen glides effortlessly on the page.	{"entities": []}
The file was saved at 4:02 PM.	{"entities": [[19, 29, "TEMP_EXP"]]}
I’m unavailable until after 11:30 tomorrow.	{"entities": [[16, 42, "TEMP_EXP"]]}
The fabric is wrinkle-resistant.	{"entities": []}
We'll make changes one day before the release date.	{"entities": [[19, 50, "TEMP_EXP"]]}
The mirror reflects natural light well.	{"entities": []}
Let’s wrap things up before the weekend.	{"entities": [[21, 39, "TEMP_EXP"]]}
The window blinds are partially closed.	{"entities": []}
His coffee spilled this morning.	{"entities": [[19, 31, "TEMP_EXP"]]}
This painting looks stunning.	{"entities": []}
The horror movie marathon airs on the next Friday the 13th at 9 PM.	{"entities": [[38, 66, "TEMP_EXP"]]}
The email campaign goes out at 6:30 PM on the first weekday after next month’s end.	{"entities": [[28, 82, "TEMP_EXP"]]}
The doormat is patterned with stripes.	{"entities": []}
The cushion has a hidden zipper.	{"entities": []}
The next episode airs tomorrow night.	{"entities": [[22, 36, "TEMP_EXP"]]}
The bus arrives at quarter past 8.	{"entities": [[16, 33, "TEMP_EXP"]]}
At noon tomorrow, the results will be published.	{"entities": [[0, 16, "TEMP_EXP"]]}
They arrived on New Year’s Day.	{"entities": [[13, 30, "TEMP_EXP"]]}
We’ll regroup at 2 PM the day before launch.	{"entities": [[14, 43, "TEMP_EXP"]]}
Let’s have the brainstorming session right after lunch on the third Monday from today.	{"entities": [[37, 85, "TEMP_EXP"]]}
Let’s schedule the call two Fridays from now.	{"entities": [[24, 44, "TEMP_EXP"]]}
I'll get back to you after my 3 PM meeting.	{"entities": [[21, 42, "TEMP_EXP"]]}
The room was painted last summer.	{"entities": [[21, 32, "TEMP_EXP"]]}
Just after sunset, the ceremony will begin.	{"entities": [[0, 17, "TEMP_EXP"]]}
The backpack has multiple compartments.	{"entities": []}
The table is made of oak wood.	{"entities": []}
The hat complements her outfit.	{"entities": []}
Ten years back, this area was just farmland.	{"entities": [[0, 14, "TEMP_EXP"]]}
She left early yesterday morning.	{"entities": [[9, 32, "TEMP_EXP"]]}
We’ll review the performance the following month.	{"entities": [[33, 48, "TEMP_EXP"]]}
Expect a package delivery by 10 AM on the Wednesday after Labor Day.	{"entities": [[26, 67, "TEMP_EXP"]]}
It rained the whole first week of May.	{"entities": [[14, 37, "TEMP_EXP"]]}
He showed up one hour ago.	{"entities": [[13, 25, "TEMP_EXP"]]}
The musician composed an orchestral piece.	{"entities": []}
The summary will be emailed out by 2:30 PM the day after the all-hands meeting.	{"entities": [[32, 78, "TEMP_EXP"]]}
It rained all day yesterday.	{"entities": [[10, 17, "TEMP_EXP"], [18, 27, "TEMP_EXP"]]}
The quilt is embroidered with intricate stitches.	{"entities": []}
First thing Monday morning, I’ll send the invoice.	{"entities": [[0, 26, "TEMP_EXP"]]}
Late at night, the streets are completely silent.	{"entities": [[0, 13, "TEMP_EXP"]]}
His birthday is next month on the 12th.	{"entities": [[16, 38, "TEMP_EXP"]]}
The handle feels ergonomic.	{"entities": []}
Expect a status update at 4:45 PM on the second Thursday of next month.	{"entities": [[23, 70, "TEMP_EXP"]]}
Her speech was inspiring last night.	{"entities": [[25, 35, "TEMP_EXP"]]}
Two days from now, the platform will be live.	{"entities": [[0, 17, "TEMP_EXP"]]}
The mat feels durable.	{"entities": []}
My parents met in the summer of '76.	{"entities": [[15, 35, "TEMP_EXP"]]}
I can’t talk right now, I’m in a meeting.	{"entities": [[13, 22, "TEMP_EXP"]]}
At 8:33 on the dot, the power was restored.	{"entities": [[0, 18, "TEMP_EXP"]]}
The towel absorbs water quickly.	{"entities": []}
The offer expires at midnight on the Friday closest to the 20th.	{"entities": [[18, 63, "TEMP_EXP"]]}
The shelves are made of reclaimed wood.	{"entities": []}
The mayor gives inspiring speeches.	{"entities": []}
The painting hangs above the fireplace.	{"entities": []}
Toward the end of last month, we noticed a drop in engagement.	{"entities": [[11, 28, "TEMP_EXP"]]}
One week from yesterday, the new hires start orientation.	{"entities": [[0, 23, "TEMP_EXP"]]}
The cat’s fur is silky.	{"entities": []}
The earrings sparkle under light.	{"entities": []}
The beverage is served chilled.	{"entities": []}
The car’s engine runs silently.	{"entities": []}
The pillowcase has a floral design.	{"entities": []}
In about six weeks, she’ll be moving to Berlin.	{"entities": [[0, 18, "TEMP_EXP"]]}
In three and a half weeks, the renovations will be complete.	{"entities": [[0, 25, "TEMP_EXP"]]}
The lamp emits a warm glow.	{"entities": []}
Join the onboarding session at 9 AM on the Monday after your start date.	{"entities": [[28, 71, "TEMP_EXP"]]}
The class ends at 4:30PM.	{"entities": [[15, 24, "TEMP_EXP"]]}
I’ll be on leave all next week.	{"entities": [[17, 30, "TEMP_EXP"]]}
The scarf is knitted.	{"entities": []}
The vase cracked during the move.	{"entities": []}
We left the house 20 minutes ago.	{"entities": [[18, 32, "TEMP_EXP"]]}
The plate is made of porcelain.	{"entities": []}
Exams will start next semester.	{"entities": [[17, 30, "TEMP_EXP"]]}
Please reply by the Friday before the public holiday.	{"entities": [[13, 52, "TEMP_EXP"]]}
At exactly quarter to nine, he walked in.	{"entities": [[0, 26, "TEMP_EXP"]]}
We’ll touch base again the Friday immediately following next payday, around 11 AM.	{"entities": [[27, 81, "TEMP_EXP"]]}
The session resumes in two weeks.	{"entities": [[20, 32, "TEMP_EXP"]]}
The carpet covers the entire floor.	{"entities": []}
We'll reconnect at 9:30 AM on the first Wednesday after next week.	{"entities": [[16, 65, "TEMP_EXP"]]}
I changed my major 2 semesters ago.	{"entities": [[19, 34, "TEMP_EXP"]]}
Let’s meet tomorrow at noon.	{"entities": [[11, 27, "TEMP_EXP"]]}
Their anniversary is on the 25th of March.	{"entities": [[28, 41, "TEMP_EXP"]]}
Their new album drops next Friday.	{"entities": [[22, 33, "TEMP_EXP"]]}
Their rehearsal is scheduled for the Saturday before the ceremony.	{"entities": [[37, 65, "TEMP_EXP"]]}
The student solved the equation.	{"entities": []}
The software update will deploy at midnight the night before the last Friday in June.	{"entities": [[32, 84, "TEMP_EXP"]]}
The bicycle has a sturdy frame.	{"entities": []}
Halfway through the semester, I changed my thesis topic.	{"entities": [[0, 28, "TEMP_EXP"]]}
The lights went out at 11:57PM.	{"entities": [[20, 30, "TEMP_EXP"]]}
The wallet is made of leather.	{"entities": []}
I saw him three hours ago at the café.	{"entities": [[10, 25, "TEMP_EXP"]]}
The envelope has a wax seal.	{"entities": []}
The team returned last Tuesday.	{"entities": [[18, 30, "TEMP_EXP"]]}
Her smile is genuinely warm.	{"entities": []}
We’ll celebrate the following Christmas together.	{"entities": [[20, 39, "TEMP_EXP"]]}
We'll go live on the Wednesday immediately after the next full moon, around noon.	{"entities": [[21, 80, "TEMP_EXP"]]}